{"is_source_file": false, "format": "", "description": "", "external_files": [], "external_methods": [], "published": [], "classes": [], "methods": [], "calls": [], "search-terms": [], "state": 2, "file_id": 12, "knowledge_revision": 21, "git_revision": "d64b20c245a54e44dc9bd1ecc3306cb6c9235b10", "hash": "2ec4da705c8128e90f2a478c4ecb0fc4", "format-version": 4, "code-base-name": "tic_tac_toe_frontend", "filename": "README.md", "revision_history": [{"21": "d64b20c245a54e44dc9bd1ecc3306cb6c9235b10"}]}