{"is_source_file": false, "format": "", "description": "", "external_files": [], "external_methods": [], "published": [], "classes": [], "methods": [], "calls": [], "search-terms": ["CSS variables", "theme management", ".App", ".theme-toggle"], "state": 2, "file_id": 2, "knowledge_revision": 14, "git_revision": "60a46c3fa254cb1e49b129495318c455037974fa", "hash": "22f9e17cc1848b56dbb244518ac2707e", "format-version": 4, "code-base-name": "tic_tac_toe_frontend", "filename": "tic_tac_toe_frontend/src/App.css", "revision_history": [{"14": "60a46c3fa254cb1e49b129495318c455037974fa"}]}