{"is_source_file": false, "format": "", "description": "", "external_files": [], "external_methods": [], "published": [], "classes": [], "methods": [], "calls": [], "search-terms": [], "state": 2, "file_id": 9, "knowledge_revision": 17, "git_revision": "60a46c3fa254cb1e49b129495318c455037974fa", "hash": "d9d975cebe2ec20b6c652e1e4c12ccf0", "format-version": 4, "code-base-name": "tic_tac_toe_frontend", "filename": "tic_tac_toe_frontend/public/manifest.json", "revision_history": [{"17": "60a46c3fa254cb1e49b129495318c455037974fa"}]}