{"is_source_file": false, "format": "", "description": "", "external_files": [], "external_methods": [], "published": [], "classes": [], "methods": [], "calls": [], "search-terms": [], "state": 2, "file_id": 10, "knowledge_revision": 16, "git_revision": "60a46c3fa254cb1e49b129495318c455037974fa", "hash": "d2b40d02d5f7873d8a6713bad837edd4", "format-version": 4, "code-base-name": "tic_tac_toe_frontend", "filename": "tic_tac_toe_frontend/public/index.html", "revision_history": [{"16": "60a46c3fa254cb1e49b129495318c455037974fa"}]}