{"is_source_file": false, "format": "", "description": "", "external_files": [], "external_methods": [], "published": [], "classes": [], "methods": [], "calls": [], "search-terms": [], "state": 2, "file_id": 5, "knowledge_revision": 15, "git_revision": "60a46c3fa254cb1e49b129495318c455037974fa", "hash": "6c2104b8d219ed99234ae2d6329f4357", "format-version": 4, "code-base-name": "tic_tac_toe_frontend", "filename": "tic_tac_toe_frontend/src/index.css", "revision_history": [{"15": "60a46c3fa254cb1e49b129495318c455037974fa"}]}