{"is_source_file": false, "format": "", "description": "", "external_files": [], "external_methods": [], "published": [], "classes": [], "methods": [], "calls": [], "search-terms": [], "state": 2, "file_id": 11, "knowledge_revision": 18, "git_revision": "60a46c3fa254cb1e49b129495318c455037974fa", "hash": "ebece526bc2eadd78ddd787a76c56607", "format-version": 4, "code-base-name": "tic_tac_toe_frontend", "filename": "tic_tac_toe_frontend/README.md", "revision_history": [{"18": "60a46c3fa254cb1e49b129495318c455037974fa"}]}